MonthCode,Year,V1,V2,V3,V4
1,1909,1909.875,720.2,0,0
2,1909,1909.9584,712.2,0,0
3,1910,1910.0416,716.2,0,0
4,1910,1910.125,707.2,0,0
5,1910,1910.2084,705.2,0,0
6,1910,1910.2916,698.2,0,0
7,1910,1910.375,697.2,0,0
8,1910,1910.4584,701.2,0,0
9,1910,1910.5416,704.2,0,0
10,1910,1910.625,699.2,0,0
11,1910,1910.7084,698.2,0,0
12,1910,1910.7916,702.2,0,0
13,1910,1910.875,,0,0
14,1910,1910.9584,,0,0
15,1911,1911.0416,717.2,0,0
16,1911,1911.125,708.2,0,0
17,1911,1911.2084,697.2,0,0
18,1911,1911.2916,695.2,0,0
19,1911,1911.375,704.2,0,0
20,1911,1911.4584,699.2,0,0
21,1911,1911.5416,706.2,0,0
22,1911,1911.625,705.2,0,0
23,1911,1911.7084,707.2,0,0
24,1911,1911.7916,707.2,0,0
25,1911,1911.875,706.2,0,0
26,1911,1911.9584,709.2,0,0
27,1912,1912.0416,723.2,0,0
28,1912,1912.125,709.2,0,0
29,1912,1912.2084,703.2,0,0
30,1912,1912.2916,701.2,0,0
31,1912,1912.375,702.2,0,0
32,1912,1912.4584,702.2,0,0
33,1912,1912.5416,702.2,0,0
34,1912,1912.625,705.2,0,0
35,1912,1912.7084,701.2,0,0
36,1912,1912.7916,707.2,0,0
37,1912,1912.875,717.2,0,0
38,1912,1912.9584,707.2,0,0
39,1913,1913.0416,712.2,0,0
40,1913,1913.125,699.2,0,0
41,1913,1913.2084,700.2,0,0
42,1913,1913.2916,705.2,0,0
43,1913,1913.375,702.2,0,0
44,1913,1913.4584,711.2,0,0
45,1913,1913.5416,710.2,0,0
46,1913,1913.625,708.2,0,0
47,1913,1913.7084,709.2,0,0
48,1913,1913.7916,702.2,0,0
49,1913,1913.875,722.2,0,0
50,1913,1913.9584,718.2,0,0
51,1914,1914.0416,741.2,0,0
52,1914,1914.125,708.2,0,0
53,1914,1914.2084,705.2,0,0
54,1914,1914.2916,706.2,0,0
55,1914,1914.375,700.2,0,0
56,1914,1914.4584,702.2,0,0
57,1914,1914.5416,705.2,0,0
58,1914,1914.625,706.2,0,0
59,1914,1914.7084,707.2,0,0
60,1914,1914.7916,721.2,0,0
61,1914,1914.875,717.6,0,0
62,1914,1914.9584,723.2,0,0
63,1915,1915.0416,725.2,0,0
64,1915,1915.125,729.2,0,0
65,1915,1915.2084,708.2,0,0
66,1915,1915.2916,709.2,0,0
67,1915,1915.375,711.2,0,0
68,1915,1915.4584,700.2,0,0
69,1915,1915.5416,704.2,0,0
70,1915,1915.625,706.2,0,0
71,1915,1915.7084,704.2,0,0
72,1915,1915.7916,703.2,0,0
73,1915,1915.875,711.2,0,0
74,1915,1915.9584,717.2,0,0
75,1916,1916.0416,712.4,11,0
76,1916,1916.125,,0,0
77,1916,1916.2084,,0,0
78,1916,1916.2916,,0,0
79,1916,1916.375,,0,0
80,1916,1916.4584,,0,0
81,1916,1916.5416,,0,0
82,1916,1916.625,,0,0
83,1916,1916.7084,705.2,0,0
84,1916,1916.7916,700.2,0,0
85,1916,1916.875,697.2,0,0
86,1916,1916.9584,705.2,0,0
87,1917,1917.0416,699.2,0,0
88,1917,1917.125,700.2,0,0
89,1917,1917.2084,700.2,0,0
90,1917,1917.2916,705.2,0,0
91,1917,1917.375,696.2,0,0
92,1917,1917.4584,700.2,0,0
93,1917,1917.5416,706.2,0,0
94,1917,1917.625,699.2,0,0
95,1917,1917.7084,702.2,0,0
96,1917,1917.7916,693.2,0,0
97,1917,1917.875,705.2,0,0
98,1917,1917.9584,713.2,0,0
99,1918,1918.0416,711.2,0,0
100,1918,1918.125,713.2,0,0
101,1918,1918.2084,714.2,0,0
102,1918,1918.2916,701.2,0,0
103,1918,1918.375,705.2,0,0
104,1918,1918.4584,707.2,0,0
105,1918,1918.5416,712.2,0,0
106,1918,1918.625,709.2,0,0
107,1918,1918.7084,710.2,0,0
108,1918,1918.7916,710.2,0,0
109,1918,1918.875,719.2,0,0
110,1918,1918.9584,715.2,0,0
111,1919,1919.0416,723.2,0,0
112,1919,1919.125,718.2,0,0
113,1919,1919.2084,709.2,0,0
114,1919,1919.2916,705.2,0,0
115,1919,1919.375,704.2,0,0
116,1919,1919.4584,703.2,0,0
117,1919,1919.5416,705.2,0,0
118,1919,1919.625,707.2,0,0
119,1919,1919.7084,709.2,0,0
120,1919,1919.7916,698.2,0,0
121,1919,1919.875,706.2,0,0
122,1919,1919.9584,708.2,0,0
123,1920,1920.0416,702.2,0,0
124,1920,1920.125,694.2,0,0
125,1920,1920.2084,706.2,0,0
126,1920,1920.2916,694.2,0,0
127,1920,1920.375,695.2,0,0
128,1920,1920.4584,701.2,0,0
129,1920,1920.5416,706.2,0,0
130,1920,1920.625,707.2,0,0
131,1920,1920.7084,714.2,0,0
132,1920,1920.7916,719.2,0,0
133,1920,1920.875,711.2,0,0
134,1920,1920.9584,729.2,0,0
135,1921,1921.0416,727.2,0,0
136,1921,1921.125,712.2,0,0
137,1921,1921.2084,710.2,0,0
138,1921,1921.2916,698.2,0,0
139,1921,1921.375,702.2,0,0
140,1921,1921.4584,710.2,0,0
141,1921,1921.5416,705.2,0,0
142,1921,1921.625,705.2,0,0
143,1921,1921.7084,707.2,0,0
144,1921,1921.7916,713.2,0,0
145,1921,1921.875,713.2,0,0
146,1921,1921.9584,704.2,0,0
147,1922,1922.0416,700.2,0,0
148,1922,1922.125,710.2,0,0
149,1922,1922.2084,708.2,0,0
150,1922,1922.2916,693.2,0,0
151,1922,1922.375,698.2,0,0
152,1922,1922.4584,705.2,0,0
153,1922,1922.5416,706.2,0,0
154,1922,1922.625,706.2,0,0
155,1922,1922.7084,705.2,0,0
156,1922,1922.7916,707.2,0,0
157,1922,1922.875,702.2,0,0
158,1922,1922.9584,717.2,0,0
159,1923,1923.0416,721.2,0,0
160,1923,1923.125,696.2,0,0
161,1923,1923.2084,692.2,0,0
162,1923,1923.2916,706.2,0,0
163,1923,1923.375,703.2,0,0
164,1923,1923.4584,710.2,0,0
165,1923,1923.5416,709.2,0,0
166,1923,1923.625,708.2,0,0
167,1923,1923.7084,707.2,0,0
168,1923,1923.7916,708.2,0,0
169,1923,1923.875,709.2,0,0
170,1923,1923.9584,714.2,0,0
171,1924,1924.0416,,0,0
172,1924,1924.125,,0,0
173,1924,1924.2084,,0,0
174,1924,1924.2916,,0,0
175,1924,1924.375,,0,0
176,1924,1924.4584,,0,0
177,1924,1924.5416,,0,0
178,1924,1924.625,,0,0
179,1924,1924.7084,,0,0
180,1924,1924.7916,,0,0
181,1924,1924.875,,0,0
182,1924,1924.9584,,0,0
183,1925,1925.0416,,0,0
184,1925,1925.125,,0,0
185,1925,1925.2084,,0,0
186,1925,1925.2916,,0,0
187,1925,1925.375,,0,0
188,1925,1925.4584,,0,0
189,1925,1925.5416,,0,0
190,1925,1925.625,,0,0
191,1925,1925.7084,,0,0
192,1925,1925.7916,,0,0
193,1925,1925.875,,0,0
194,1925,1925.9584,,0,0
195,1926,1926.0416,,0,0
196,1926,1926.125,,0,0
197,1926,1926.2084,,0,0
198,1926,1926.2916,,0,0
199,1926,1926.375,,0,0
200,1926,1926.4584,,0,0
201,1926,1926.5416,,0,0
202,1926,1926.625,,0,0
203,1926,1926.7084,,0,0
204,1926,1926.7916,,0,0
205,1926,1926.875,,0,0
206,1926,1926.9584,,0,0
207,1927,1927.0416,,0,0
208,1927,1927.125,,0,0
209,1927,1927.2084,,0,0
210,1927,1927.2916,,0,0
211,1927,1927.375,,0,0
212,1927,1927.4584,,0,0
213,1927,1927.5416,,0,0
214,1927,1927.625,,0,0
215,1927,1927.7084,,0,0
216,1927,1927.7916,,0,0
217,1927,1927.875,,0,0
218,1927,1927.9584,,0,0
219,1928,1928.0416,,0,0
220,1928,1928.125,,0,0
221,1928,1928.2084,,0,0
222,1928,1928.2916,,0,0
223,1928,1928.375,,0,0
224,1928,1928.4584,,0,0
225,1928,1928.5416,,0,0
226,1928,1928.625,,0,0
227,1928,1928.7084,,0,0
228,1928,1928.7916,,0,0
229,1928,1928.875,,0,0
230,1928,1928.9584,,0,0
231,1929,1929.0416,,0,0
232,1929,1929.125,,0,0
233,1929,1929.2084,,0,0
234,1929,1929.2916,,0,0
235,1929,1929.375,,0,0
236,1929,1929.4584,,0,0
237,1929,1929.5416,,0,0
238,1929,1929.625,,0,0
239,1929,1929.7084,,0,0
240,1929,1929.7916,,0,0
241,1929,1929.875,,0,0
242,1929,1929.9584,,0,0
243,1930,1930.0416,,0,0
244,1930,1930.125,,0,0
245,1930,1930.2084,,0,0
246,1930,1930.2916,,0,0
247,1930,1930.375,,0,0
248,1930,1930.4584,,0,0
249,1930,1930.5416,,0,0
250,1930,1930.625,,0,0
251,1930,1930.7084,,0,0
252,1930,1930.7916,,0,0
253,1930,1930.875,,0,0
254,1930,1930.9584,,0,0
255,1931,1931.0416,,0,0
256,1931,1931.125,,0,0
257,1931,1931.2084,,0,0
258,1931,1931.2916,,0,0
259,1931,1931.375,,0,0
260,1931,1931.4584,,0,0
261,1931,1931.5416,,0,0
262,1931,1931.625,,0,0
263,1931,1931.7084,,0,0
264,1931,1931.7916,,0,0
265,1931,1931.875,,0,0
266,1931,1931.9584,,0,0
267,1932,1932.0416,,0,0
268,1932,1932.125,,0,0
269,1932,1932.2084,,0,0
270,1932,1932.2916,,0,0
271,1932,1932.375,,0,0
272,1932,1932.4584,,0,0
273,1932,1932.5416,,0,0
274,1932,1932.625,,0,0
275,1932,1932.7084,,0,0
276,1932,1932.7916,,0,0
277,1932,1932.875,,0,0
278,1932,1932.9584,,0,0
279,1933,1933.0416,,0,0
280,1933,1933.125,,0,0
281,1933,1933.2084,,0,0
282,1933,1933.2916,,0,0
283,1933,1933.375,,0,0
284,1933,1933.4584,,0,0
285,1933,1933.5416,,0,0
286,1933,1933.625,,0,0
287,1933,1933.7084,,0,0
288,1933,1933.7916,,0,0
289,1933,1933.875,,0,0
290,1933,1933.9584,,0,0
291,1934,1934.0416,,0,0
292,1934,1934.125,,0,0
293,1934,1934.2084,,0,0
294,1934,1934.2916,,0,0
295,1934,1934.375,,0,0
296,1934,1934.4584,,0,0
297,1934,1934.5416,,0,0
298,1934,1934.625,,0,0
299,1934,1934.7084,,0,0
300,1934,1934.7916,,0,0
301,1934,1934.875,,0,0
302,1934,1934.9584,,0,0
303,1935,1935.0416,,0,0
304,1935,1935.125,,0,0
305,1935,1935.2084,,0,0
306,1935,1935.2916,,0,0
307,1935,1935.375,,0,0
308,1935,1935.4584,,0,0
309,1935,1935.5416,,0,0
310,1935,1935.625,,0,0
311,1935,1935.7084,,0,0
312,1935,1935.7916,,0,0
313,1935,1935.875,,0,0
314,1935,1935.9584,,0,0
315,1936,1936.0416,,0,0
316,1936,1936.125,,0,0
317,1936,1936.2084,,0,0
318,1936,1936.2916,,0,0
319,1936,1936.375,,0,0
320,1936,1936.4584,,0,0
321,1936,1936.5416,,0,0
322,1936,1936.625,,0,0
323,1936,1936.7084,,0,0
324,1936,1936.7916,,0,0
325,1936,1936.875,,0,0
326,1936,1936.9584,,0,0
327,1937,1937.0416,,0,0
328,1937,1937.125,,0,0
329,1937,1937.2084,,0,0
330,1937,1937.2916,,0,0
331,1937,1937.375,,0,0
332,1937,1937.4584,,0,0
333,1937,1937.5416,,0,0
334,1937,1937.625,,0,0
335,1937,1937.7084,,0,0
336,1937,1937.7916,,0,0
337,1937,1937.875,,0,0
338,1937,1937.9584,,0,0
339,1938,1938.0416,,0,0
340,1938,1938.125,,0,0
341,1938,1938.2084,,0,0
342,1938,1938.2916,,0,0
343,1938,1938.375,,0,0
344,1938,1938.4584,,0,0
345,1938,1938.5416,,0,0
346,1938,1938.625,,0,0
347,1938,1938.7084,,0,0
348,1938,1938.7916,,0,0
349,1938,1938.875,,0,0
350,1938,1938.9584,,0,0
351,1939,1939.0416,,0,0
352,1939,1939.125,,0,0
353,1939,1939.2084,,0,0
354,1939,1939.2916,,0,0
355,1939,1939.375,,0,0
356,1939,1939.4584,,0,0
357,1939,1939.5416,,0,0
358,1939,1939.625,,0,0
359,1939,1939.7084,,0,0
360,1939,1939.7916,,0,0
361,1939,1939.875,,0,0
362,1939,1939.9584,,0,0
363,1940,1940.0416,713.9,5,0
364,1940,1940.125,723.2,0,0
365,1940,1940.2084,712.2,0,0
366,1940,1940.2916,699.2,0,0
367,1940,1940.375,703.2,0,0
368,1940,1940.4584,698.2,0,0
369,1940,1940.5416,703.2,0,0
370,1940,1940.625,701.2,0,0
371,1940,1940.7084,708.2,0,0
372,1940,1940.7916,713.2,0,0
373,1940,1940.875,709.2,0,0
374,1940,1940.9584,725.2,0,0
375,1941,1941.0416,723.2,0,0
376,1941,1941.125,723.2,0,0
377,1941,1941.2084,716.2,0,0
378,1941,1941.2916,704.2,0,0
379,1941,1941.375,707.2,0,0
380,1941,1941.4584,702.2,0,0
381,1941,1941.5416,704.2,0,0
382,1941,1941.625,705.2,0,0
383,1941,1941.7084,709.2,0,0
384,1941,1941.7916,709.2,0,0
385,1941,1941.875,716.2,0,0
386,1941,1941.9584,729.2,0,0
387,1942,1942.0416,,0,0
388,1942,1942.125,,0,0
389,1942,1942.2084,,0,0
390,1942,1942.2916,,0,0
391,1942,1942.375,,0,0
392,1942,1942.4584,,0,0
393,1942,1942.5416,,0,0
394,1942,1942.625,,0,0
395,1942,1942.7084,,0,0
396,1942,1942.7916,,0,0
397,1942,1942.875,,0,0
398,1942,1942.9584,,0,0
399,1943,1943.0416,702.2,0,0
400,1943,1943.125,706.2,0,0
401,1943,1943.2084,700.2,0,0
402,1943,1943.2916,703.2,0,0
403,1943,1943.375,692.2,0,0
404,1943,1943.4584,701.2,0,0
405,1943,1943.5416,702.2,0,0
406,1943,1943.625,702.2,0,0
407,1943,1943.7084,699.2,0,0
408,1943,1943.7916,707.2,0,0
409,1943,1943.875,701.2,0,0
410,1943,1943.9584,699.2,0,0
411,1944,1944.0416,708.2,0,0
412,1944,1944.125,699.2,0,0
413,1944,1944.2084,691.2,0,0
414,1944,1944.2916,698.2,0,0
415,1944,1944.375,692.2,0,0
416,1944,1944.4584,698.2,0,0
417,1944,1944.5416,699.2,0,0
418,1944,1944.625,697.2,0,0
419,1944,1944.7084,700.2,0,0
420,1944,1944.7916,700.2,0,0
421,1944,1944.875,713.2,0,0
422,1944,1944.9584,702.2,0,0
423,1945,1945.0416,705.2,0,0
424,1945,1945.125,703.2,0,0
425,1945,1945.2084,706.2,0,0
426,1945,1945.2916,686.2,0,0
427,1945,1945.375,699.2,0,0
428,1945,1945.4584,696.2,0,0
429,1945,1945.5416,703.2,0,0
430,1945,1945.625,702.2,0,0
431,1945,1945.7084,698.2,0,0
432,1945,1945.7916,696.2,0,0
433,1945,1945.875,714.2,0,0
434,1945,1945.9584,719.2,0,0
435,1946,1946.0416,706.2,0,0
436,1946,1946.125,712.2,0,0
437,1946,1946.2084,704.2,0,0
438,1946,1946.2916,698.2,0,0
439,1946,1946.375,701.2,0,0
440,1946,1946.4584,705.2,0,0
441,1946,1946.5416,705.2,0,0
442,1946,1946.625,699.2,0,0
443,1946,1946.7084,703.2,0,0
444,1946,1946.7916,699.2,0,0
445,1946,1946.875,702.2,0,0
446,1946,1946.9584,708.2,0,0
447,1947,1947.0416,697.2,0,0
448,1947,1947.125,703.2,0,0
449,1947,1947.2084,702.2,0,0
450,1947,1947.2916,696.2,0,0
451,1947,1947.375,698.2,0,0
452,1947,1947.4584,706.2,0,0
453,1947,1947.5416,703.2,0,0
454,1947,1947.625,703.2,0,0
455,1947,1947.7084,698.2,0,0
456,1947,1947.7916,717.2,0,0
457,1947,1947.875,698.2,0,0
458,1947,1947.9584,711.2,0,0
459,1948,1948.0416,707.2,0,0
460,1948,1948.125,709.2,0,0
461,1948,1948.2084,702.2,0,0
462,1948,1948.2916,712.2,0,0
463,1948,1948.375,706.2,0,0
464,1948,1948.4584,706.2,0,0
465,1948,1948.5416,704.2,0,0
466,1948,1948.625,704.2,0,0
467,1948,1948.7084,704.2,0,0
468,1948,1948.7916,700.2,0,0
469,1948,1948.875,707.2,0,0
470,1948,1948.9584,715.2,0,0
471,1949,1949.0416,691.2,0,0
472,1949,1949.125,716.2,0,0
473,1949,1949.2084,708.2,0,0
474,1949,1949.2916,694.2,0,0
475,1949,1949.375,703.2,0,0
476,1949,1949.4584,699.2,0,0
477,1949,1949.5416,698.2,0,0
478,1949,1949.625,702.2,0,0
479,1949,1949.7084,700.2,0,0
480,1949,1949.7916,690.2,0,0
481,1949,1949.875,709.2,0,0
482,1949,1949.9584,709.2,0,0
483,1950,1950.0416,707.2,0,0
484,1950,1950.125,709.2,0,0
485,1950,1950.2084,708.2,0,0
486,1950,1950.2916,699.2,0,0
487,1950,1950.375,693.2,0,0
488,1950,1950.4584,705.2,0,0
489,1950,1950.5416,707.2,0,0
490,1950,1950.625,704.2,0,0
491,1950,1950.7084,702.2,0,0
492,1950,1950.7916,723.2,0,0
493,1950,1950.875,712.2,0,0
494,1950,1950.9584,717.2,0,0
495,1951,1951.0416,716.2,0,0
496,1951,1951.125,714.2,0,0
497,1951,1951.2084,702.2,0,0
498,1951,1951.2916,695.2,0,0
499,1951,1951.375,701.2,0,0
500,1951,1951.4584,704.2,0,0
501,1951,1951.5416,706.2,0,0
502,1951,1951.625,704.2,0,0
503,1951,1951.7084,706.2,0,0
504,1951,1951.7916,710.2,0,0
505,1951,1951.875,717.2,0,0
506,1951,1951.9584,714.2,0,0
507,1952,1952.0416,724.2,0,0
508,1952,1952.125,712.2,0,0
509,1952,1952.2084,705.2,0,0
510,1952,1952.2916,696.2,0,0
511,1952,1952.375,695.2,0,0
512,1952,1952.4584,701.2,0,0
513,1952,1952.5416,703.2,0,0
514,1952,1952.625,703.2,0,0
515,1952,1952.7084,701.2,0,0
516,1952,1952.7916,695.2,0,0
517,1952,1952.875,701.2,0,0
518,1952,1952.9584,727.2,0,0
519,1953,1953.0416,731.2,0,0
520,1953,1953.125,699.2,0,0
521,1953,1953.2084,705.2,0,0
522,1953,1953.2916,698.2,0,0
523,1953,1953.375,704.2,0,0
524,1953,1953.4584,700.2,0,0
525,1953,1953.5416,702.2,0,0
526,1953,1953.625,704.2,0,0
527,1953,1953.7084,704.2,0,0
528,1953,1953.7916,702.2,0,0
529,1953,1953.875,722.2,0,0
530,1953,1953.9584,709.2,0,0
531,1954,1954.0416,725.2,0,0
532,1954,1954.125,719.2,0,0
533,1954,1954.2084,704.2,0,0
534,1954,1954.2916,699.2,0,0
535,1954,1954.375,700.2,0,0
536,1954,1954.4584,708.2,0,0
537,1954,1954.5416,704.2,0,0
538,1954,1954.625,704.2,0,0
539,1954,1954.7084,703.2,0,0
540,1954,1954.7916,704.2,0,0
541,1954,1954.875,714.2,0,0
542,1954,1954.9584,717.2,0,0
543,1955,1955.0416,705.2,0,0
544,1955,1955.125,691.2,0,0
545,1955,1955.2084,693.2,0,0
546,1955,1955.2916,705.2,0,0
547,1955,1955.375,694.2,0,0
548,1955,1955.4584,700.2,0,0
549,1955,1955.5416,703.2,0,0
550,1955,1955.625,699.2,0,0
551,1955,1955.7084,698.2,0,0
552,1955,1955.7916,702.2,0,0
553,1955,1955.875,707.2,0,0
554,1955,1955.9584,720.2,0,0
555,1956,1956.0416,726.2,0,0
556,1956,1956.125,704.2,0,0
557,1956,1956.2084,703.2,0,0
558,1956,1956.2916,696.2,0,0
559,1956,1956.375,700.2,0,0
560,1956,1956.4584,705.1,0,0
561,1956,1956.5416,704.2,0,0
562,1956,1956.625,699.2,0,0
563,1956,1956.7084,700.2,0,0
564,1956,1956.7916,707.2,0,0
565,1956,1956.875,694.2,0,0
566,1956,1956.9584,707.2,0,0
567,1957,1957.0416,703.2,0,0
568,1957,1957.125,709.2,0,0
569,1957,1957.2084,707.2,0,0
570,1957,1957.2916,698.2,0,0
571,1957,1957.375,709.2,0,0
572,1957,1957.4584,707.2,0,0
573,1957,1957.5416,707.2,0,0
574,1957,1957.625,705.2,0,0
575,1957,1957.7084,706.2,0,0
576,1957,1957.7916,707.2,0,0
577,1957,1957.875,703.2,0,0
578,1957,1957.9584,723.2,0,0
579,1958,1958.0416,723.2,0,0
580,1958,1958.125,734.2,0,0
581,1958,1958.2084,711.2,0,0
582,1958,1958.2916,709.2,0,0
583,1958,1958.375,703.2,0,0
584,1958,1958.4584,710.2,0,0
585,1958,1958.5416,707.2,0,0
586,1958,1958.625,706.2,0,0
587,1958,1958.7084,705.2,0,0
588,1958,1958.7916,707.2,0,0
589,1958,1958.875,709.2,0,0
590,1958,1958.9584,717.2,0,0
591,1959,1959.0416,721.2,0,0
592,1959,1959.125,718.2,0,0
593,1959,1959.2084,702.2,0,0
594,1959,1959.2916,697.2,0,0
595,1959,1959.375,699.2,0,0
596,1959,1959.4584,704.2,0,0
597,1959,1959.5416,702.2,0,0
598,1959,1959.625,702.2,0,0
599,1959,1959.7084,709.2,0,0
600,1959,1959.7916,704.2,0,0
601,1959,1959.875,701.2,0,0
602,1959,1959.9584,708.2,0,0
603,1960,1960.0416,712.2,0,0
604,1960,1960.125,710.2,0,0
605,1960,1960.2084,703.2,0,0
606,1960,1960.2916,705.2,0,0
607,1960,1960.375,704.2,0,0
608,1960,1960.4584,699.2,0,0
609,1960,1960.5416,701.2,0,0
610,1960,1960.625,701.2,0,0
611,1960,1960.7084,697.2,0,0
612,1960,1960.7916,703.2,0,0
613,1960,1960.875,712.2,0,0
614,1960,1960.9584,711.2,0,0
615,1961,1961.0416,721.2,0,0
616,1961,1961.125,722.2,0,0
617,1961,1961.2084,721.2,0,0
618,1961,1961.2916,696.2,0,0
619,1961,1961.375,702.2,0,0
620,1961,1961.4584,705.2,0,0
621,1961,1961.5416,703.2,0,0
622,1961,1961.625,704.2,0,0
623,1961,1961.7084,701.2,0,0
624,1961,1961.7916,699.2,0,0
625,1961,1961.875,700.2,0,0
626,1961,1961.9584,709.2,0,0
627,1962,1962.0416,699.2,0,0
628,1962,1962.125,711.2,0,0
629,1962,1962.2084,700.2,0,0
630,1962,1962.2916,695.2,0,0
631,1962,1962.375,696.2,0,0
632,1962,1962.4584,698.2,0,0
633,1962,1962.5416,699.2,0,0
634,1962,1962.625,704.2,0,0
635,1962,1962.7084,705.2,0,0
636,1962,1962.7916,712.2,0,0
637,1962,1962.875,717.2,0,0
638,1962,1962.9584,713.2,0,0
639,1963,1963.0416,696.2,0,0
640,1963,1963.125,715.2,0,0
641,1963,1963.2084,704.2,0,0
642,1963,1963.2916,712.2,0,0
643,1963,1963.375,705.2,0,0
644,1963,1963.4584,701.2,0,0
645,1963,1963.5416,707.2,0,0
646,1963,1963.625,704.2,0,0
647,1963,1963.7084,711.2,0,0
648,1963,1963.7916,718.2,0,0
649,1963,1963.875,,0,0
650,1963,1963.9584,715.2,0,0
651,1964,1964.0416,727.2,0,0
652,1964,1964.125,691.2,0,0
653,1964,1964.2084,703.2,0,0
654,1964,1964.2916,689.2,0,0
655,1964,1964.375,693.2,0,0
656,1964,1964.4584,703.2,0,0
657,1964,1964.5416,705.2,0,0
658,1964,1964.625,708.2,0,0
659,1964,1964.7084,703.2,0,0
660,1964,1964.7916,703.2,0,0
661,1964,1964.875,711.2,0,0
662,1964,1964.9584,722.2,0,0
663,1965,1965.0416,718.2,0,0
664,1965,1965.125,705.2,0,0
665,1965,1965.2084,698.2,0,0
666,1965,1965.2916,705.2,0,0
667,1965,1965.375,694.2,0,0
668,1965,1965.4584,702.2,0,0
669,1965,1965.5416,704.2,0,0
670,1965,1965.625,708.2,0,0
671,1965,1965.7084,704.2,0,0
672,1965,1965.7916,707.2,0,0
673,1965,1965.875,724.2,0,0
674,1965,1965.9584,723.2,0,0
675,1966,1966.0416,724.2,0,0
676,1966,1966.125,713.2,0,0
677,1966,1966.2084,710.2,0,0
678,1966,1966.2916,,0,0
679,1966,1966.375,,0,0
680,1966,1966.4584,,0,0
681,1966,1966.5416,703.2,0,0
682,1966,1966.625,703.2,0,0
683,1966,1966.7084,701.2,0,0
684,1966,1966.7916,701.2,0,0
685,1966,1966.875,713.2,0,0
686,1966,1966.9584,726.2,0,0
687,1967,1967.0416,719.2,0,0
688,1967,1967.125,706.2,0,0
689,1967,1967.2084,713.2,0,0
690,1967,1967.2916,705.2,0,0
691,1967,1967.375,697.2,0,0
692,1967,1967.4584,707.2,0,0
693,1967,1967.5416,705.2,0,0
694,1967,1967.625,706.2,0,0
695,1967,1967.7084,705.2,0,0
696,1967,1967.7916,711.2,0,0
697,1967,1967.875,706.2,0,0
698,1967,1967.9584,713.2,0,0
699,1968,1968.0416,719.2,0,0
700,1968,1968.125,719.2,0,0
701,1968,1968.2084,713.2,0,0
702,1968,1968.2916,693.2,0,0
703,1968,1968.375,703.2,0,0
704,1968,1968.4584,702.2,0,0
705,1968,1968.5416,708.2,0,0
706,1968,1968.625,712.2,0,0
707,1968,1968.7084,703.2,0,0
708,1968,1968.7916,713.2,0,0
709,1968,1968.875,719.2,0,0
710,1968,1968.9584,726.2,0,0
711,1969,1969.0416,726.2,0,0
712,1969,1969.125,721.2,0,0
713,1969,1969.2084,702.2,0,0
714,1969,1969.2916,712.2,0,0
715,1969,1969.375,706.2,0,0
716,1969,1969.4584,711.2,0,0
717,1969,1969.5416,705.2,0,0
718,1969,1969.625,704.2,0,0
719,1969,1969.7084,708.2,0,0
720,1969,1969.7916,708.2,0,0
721,1969,1969.875,709.2,0,0
722,1969,1969.9584,722.2,0,0
723,1970,1970.0416,718.2,0,0
724,1970,1970.125,708.2,0,0
725,1970,1970.2084,701.2,0,0
726,1970,1970.2916,694.2,0,0
727,1970,1970.375,694.2,0,0
728,1970,1970.4584,702.2,0,0
729,1970,1970.5416,702.2,0,0
730,1970,1970.625,701.2,0,0
731,1970,1970.7084,699.2,0,0
732,1970,1970.7916,706.2,0,0
733,1970,1970.875,713.2,0,0
734,1970,1970.9584,725.2,0,0
735,1971,1971.0416,708.2,0,0
736,1971,1971.125,703.2,0,0
737,1971,1971.2084,709.2,0,0
738,1971,1971.2916,705.2,0,0
739,1971,1971.375,702.2,0,0
740,1971,1971.4584,706.2,0,0
741,1971,1971.5416,708.2,0,0
742,1971,1971.625,707.2,0,0
743,1971,1971.7084,704.2,0,0
744,1971,1971.7916,703.2,0,0
745,1971,1971.875,709.2,0,0
746,1971,1971.9584,713.2,0,0
747,1972,1972.0416,709.2,0,0
748,1972,1972.125,716.2,0,0
749,1972,1972.2084,714.2,0,0
750,1972,1972.2916,710.2,0,0
751,1972,1972.375,702.2,0,0
752,1972,1972.4584,710.2,0,0
753,1972,1972.5416,,0,0
754,1972,1972.625,712.2,0,0
755,1972,1972.7084,710.2,0,0
756,1972,1972.7916,701.2,0,0
757,1972,1972.875,716.2,0,0
758,1972,1972.9584,721.2,0,0
759,1973,1973.0416,722.2,0,0
760,1973,1973.125,714.2,0,0
761,1973,1973.2084,709.2,0,0
762,1973,1973.2916,688.2,0,0
763,1973,1973.375,697.2,0,0
764,1973,1973.4584,703.2,0,0
765,1973,1973.5416,700.2,0,0
766,1973,1973.625,701.2,0,0
767,1973,1973.7084,699.2,0,0
768,1973,1973.7916,703.2,0,0
769,1973,1973.875,717.2,0,0
770,1973,1973.9584,724.2,0,0
771,1974,1974.0416,716.2,0,0
772,1974,1974.125,713.2,0,0
773,1974,1974.2084,721.2,0,0
774,1974,1974.2916,710.2,0,0
775,1974,1974.375,705.2,0,0
776,1974,1974.4584,710.2,0,0
777,1974,1974.5416,711.2,0,0
778,1974,1974.625,705.2,0,0
779,1974,1974.7084,703.2,0,0
780,1974,1974.7916,695.2,0,0
781,1974,1974.875,708.2,0,0
782,1974,1974.9584,712.2,0,0
783,1975,1975.0416,704.2,0,0
784,1975,1975.125,712.2,0,0
785,1975,1975.2084,708.2,0,0
786,1975,1975.2916,697.2,0,0
787,1975,1975.375,696.2,0,0
788,1975,1975.4584,699.2,0,0
789,1975,1975.5416,705.2,0,0
790,1975,1975.625,703.2,0,0
791,1975,1975.7084,698.2,0,0
792,1975,1975.7916,712.2,0,0
793,1975,1975.875,719.2,0,0
794,1975,1975.9584,708.2,0,0
795,1976,1976.0416,708.2,0,0
796,1976,1976.125,715.2,0,0
797,1976,1976.2084,704.2,0,0
798,1976,1976.2916,703.2,0,0
799,1976,1976.375,702.2,0,0
800,1976,1976.4584,705.2,0,0
801,1976,1976.5416,711.2,0,0
802,1976,1976.625,712.2,0,0
803,1976,1976.7084,709.2,0,0
804,1976,1976.7916,705.2,0,0
805,1976,1976.875,702.2,0,0
806,1976,1976.9584,711.2,0,0
807,1977,1977.0416,703.2,0,0
808,1977,1977.125,707.2,0,0
809,1977,1977.2084,701.2,0,0
810,1977,1977.2916,688.2,0,0
811,1977,1977.375,703.2,0,0
812,1977,1977.4584,698.2,0,0
813,1977,1977.5416,700.2,0,0
814,1977,1977.625,707.2,0,0
815,1977,1977.7084,707.2,0,0
816,1977,1977.7916,706.2,0,0
817,1977,1977.875,714.2,0,0
818,1977,1977.9584,724.2,0,0
819,1978,1978.0416,727.2,0,0
820,1978,1978.125,721.2,0,0
821,1978,1978.2084,708.2,0,0
822,1978,1978.2916,705.2,0,0
823,1978,1978.375,697.2,0,0
824,1978,1978.4584,699.2,0,0
825,1978,1978.5416,701.2,0,0
826,1978,1978.625,705.2,0,0
827,1978,1978.7084,709.2,0,0
828,1978,1978.7916,700.2,0,0
829,1978,1978.875,699.2,0,0
830,1978,1978.9584,701.2,0,0
831,1979,1979.0416,701.2,0,0
832,1979,1979.125,717.2,0,0
833,1979,1979.2084,703.2,0,0
834,1979,1979.2916,699.2,0,0
835,1979,1979.375,695.2,0,0
836,1979,1979.4584,695.2,0,0
837,1979,1979.5416,702.2,0,0
838,1979,1979.625,703.2,0,0
839,1979,1979.7084,704.2,0,0
840,1979,1979.7916,709.2,0,0
841,1979,1979.875,706.2,0,0
842,1979,1979.9584,720.2,0,0
843,1980,1980.0416,714.2,0,0
844,1980,1980.125,717.2,0,0
845,1980,1980.2084,709.2,0,0
846,1980,1980.2916,702.2,0,0
847,1980,1980.375,700.2,0,0
848,1980,1980.4584,704.2,0,0
849,1980,1980.5416,,0,0
850,1980,1980.625,701.2,0,0
851,1980,1980.7084,703.2,0,0
852,1980,1980.7916,700.2,0,0
853,1980,1980.875,710.2,0,0
854,1980,1980.9584,719.2,0,0
855,1981,1981.0416,718.2,0,0
856,1981,1981.125,714.2,0,0
857,1981,1981.2084,707.2,0,0
858,1981,1981.2916,703.2,0,0
859,1981,1981.375,703.2,0,0
860,1981,1981.4584,700.2,0,0
861,1981,1981.5416,701.2,0,0
862,1981,1981.625,703.2,0,0
863,1981,1981.7084,703.2,0,0
864,1981,1981.7916,710.2,0,0
865,1981,1981.875,722.2,0,0
866,1981,1981.9584,721.2,0,0
867,1982,1982.0416,711.2,0,0
868,1982,1982.125,715.2,0,0
869,1982,1982.2084,716.2,0,0
870,1982,1982.2916,708.2,0,0
871,1982,1982.375,696.2,0,0
872,1982,1982.4584,709.2,0,0
873,1982,1982.5416,709.2,0,0
874,1982,1982.625,708.2,0,0
875,1982,1982.7084,710.2,0,0
876,1982,1982.7916,718.2,0,0
877,1982,1982.875,727.2,0,0
878,1982,1982.9584,728.2,0,0
879,1983,1983.0416,739.2,0,0
880,1983,1983.125,741.2,0,0
881,1983,1983.2084,731.2,0,0
882,1983,1983.2916,709.2,0,0
883,1983,1983.375,707.2,0,0
884,1983,1983.4584,710.2,0,0
885,1983,1983.5416,715.2,0,0
886,1983,1983.625,714.2,0,0
887,1983,1983.7084,710.2,0,0
888,1983,1983.7916,708.2,0,0
889,1983,1983.875,737.2,0,0
890,1983,1983.9584,712.2,0,0
891,1984,1984.0416,707.2,0,0
892,1984,1984.125,717.2,0,0
893,1984,1984.2084,713.2,0,0
894,1984,1984.2916,706.2,0,0
895,1984,1984.375,703.2,0,0
896,1984,1984.4584,704.2,0,0
897,1984,1984.5416,704.2,0,0
898,1984,1984.625,710.2,0,0
899,1984,1984.7084,710.2,0,0
900,1984,1984.7916,714.2,0,0
901,1984,1984.875,730.2,0,0
902,1984,1984.9584,709.2,0,0
903,1985,1985.0416,701.2,0,0
904,1985,1985.125,698.2,0,0
905,1985,1985.2084,696.2,0,0
906,1985,1985.2916,698.2,0,0
907,1985,1985.375,699.2,0,0
908,1985,1985.4584,704.2,0,0
909,1985,1985.5416,706.2,0,0
910,1985,1985.625,702.2,0,0
911,1985,1985.7084,705.2,0,0
912,1985,1985.7916,707.2,0,0
913,1985,1985.875,702.2,0,0
914,1985,1985.9584,700.2,0,0
915,1986,1986.0416,719.2,0,0
916,1986,1986.125,719.2,0,0
917,1986,1986.2084,711.2,0,0
918,1986,1986.2916,698.2,0,0
919,1986,1986.375,703.2,0,0
920,1986,1986.4584,705.2,0,0
921,1986,1986.5416,706.2,0,0
922,1986,1986.625,705.2,0,0
923,1986,1986.7084,707.2,0,0
924,1986,1986.7916,702.2,0,0
925,1986,1986.875,707.2,0,0
926,1986,1986.9584,714.2,0,0
927,1987,1987.0416,715.2,0,0
928,1987,1987.125,714.2,0,0
929,1987,1987.2084,716.2,0,0
930,1987,1987.2916,700.2,0,0
931,1987,1987.375,708.2,0,0
932,1987,1987.4584,702.2,0,0
933,1987,1987.5416,711.2,0,0
934,1987,1987.625,704.2,0,0
935,1987,1987.7084,703.2,0,0
936,1987,1987.7916,700.2,0,0
937,1987,1987.875,708.2,0,0
938,1987,1987.9584,715.2,0,0
939,1988,1988.0416,711.2,0,0
940,1988,1988.125,695.2,0,0
941,1988,1988.2084,698.2,0,0
942,1988,1988.2916,702.2,0,0
943,1988,1988.375,704.2,0,0
944,1988,1988.4584,703.2,0,0
945,1988,1988.5416,703.2,0,0
946,1988,1988.625,704.2,0,0
947,1988,1988.7084,699.2,0,0
948,1988,1988.7916,698.2,0,0
949,1988,1988.875,717.2,0,0
950,1988,1988.9584,700.2,0,0
951,1989,1989.0416,701.2,0,0
952,1989,1989.125,692.2,0,0
953,1989,1989.2084,712.2,0,0
954,1989,1989.2916,699.2,0,0
955,1989,1989.375,702.2,0,0
956,1989,1989.4584,703.2,0,0
957,1989,1989.5416,705.2,0,0
958,1989,1989.625,703.2,0,0
959,1989,1989.7084,703.2,0,0
960,1989,1989.7916,704.2,0,0
961,1989,1989.875,707.2,0,0
962,1989,1989.9584,702.2,0,0
963,1990,1990.0416,714.2,0,0
964,1990,1990.125,709.2,0,0
965,1990,1990.2084,700.2,0,0
966,1990,1990.2916,701.2,0,0
967,1990,1990.375,701.2,0,0
968,1990,1990.4584,708.2,0,0
969,1990,1990.5416,706.2,0,0
970,1990,1990.625,707.2,0,0
971,1990,1990.7084,704.2,0,0
972,1990,1990.7916,706.2,0,0
973,1990,1990.875,717.2,0,0
974,1990,1990.9584,708.2,0,0
975,1991,1991.0416,703.2,0,0
976,1991,1991.125,718.2,0,0
977,1991,1991.2084,712.2,0,0
978,1991,1991.2916,701.2,0,0
979,1991,1991.375,699.2,0,0
980,1991,1991.4584,702.2,0,0
981,1991,1991.5416,703.2,0,0
982,1991,1991.625,712.2,0,0
983,1991,1991.7084,703.2,0,0
984,1991,1991.7916,701.2,0,0
985,1991,1991.875,710.2,0,0
986,1991,1991.9584,713.2,0,0
987,1992,1992.0416,726.2,0,0
988,1992,1992.125,732.2,0,0
989,1992,1992.2084,716.2,0,0
990,1992,1992.2916,713.2,0,0
991,1992,1992.375,705.2,0,0
992,1992,1992.4584,707.2,0,0
993,1992,1992.5416,708.2,0,0
994,1992,1992.625,706.2,0,0
995,1992,1992.7084,706.2,0,0
996,1992,1992.7916,709.2,0,0
997,1992,1992.875,709.2,0,0
998,1992,1992.9584,714.2,0,0
999,1993,1993.0416,716.2,0,0
1000,1993,1993.125,712.2,0,0
1001,1993,1993.2084,710.2,0,0
1002,1993,1993.2916,711.2,0,0
1003,1993,1993.375,714.2,0,0
1004,1993,1993.4584,712.2,0,0
1005,1993,1993.5416,705.2,0,0
1006,1993,1993.625,703.2,0,0
1007,1993,1993.7084,702.2,0,0
1008,1993,1993.7916,704.2,0,0
1009,1993,1993.875,698.2,0,0
1010,1993,1993.9584,714.2,0,0
1011,1994,1994.0416,714.2,0,0
1012,1994,1994.125,717.2,0,0
1013,1994,1994.2084,707.2,0,0
1014,1994,1994.2916,702.2,0,0
1015,1994,1994.375,704.2,0,0
1016,1994,1994.4584,703.2,0,0
1017,1994,1994.5416,703.2,0,0
1018,1994,1994.625,703.2,0,0
1019,1994,1994.7084,704.2,0,0
1020,1994,1994.7916,705.2,0,0
1021,1994,1994.875,714.2,0,0
1022,1994,1994.9584,727.2,0,0
1023,1995,1995.0416,734.2,0,0
1024,1995,1995.125,713.2,0,0
1025,1995,1995.2084,723.2,0,0
1026,1995,1995.2916,703.2,0,0
1027,1995,1995.375,702.2,0,0
1028,1995,1995.4584,703.2,0,0
1029,1995,1995.5416,707.2,0,0
1030,1995,1995.625,706.2,0,0
1031,1995,1995.7084,706.2,0,0
1032,1995,1995.7916,703.2,0,0
1033,1995,1995.875,714.2,0,0
1034,1995,1995.9584,725.2,0,0
1035,1996,1996.0416,720.2,0,0
1036,1996,1996.125,722.2,0,0
1037,1996,1996.2084,704.2,0,0
1038,1996,1996.2916,713.2,0,0
1039,1996,1996.375,704.2,0,0
1040,1996,1996.4584,700.2,0,0
1041,1996,1996.5416,705.2,0,0
1042,1996,1996.625,704.2,0,0
1043,1996,1996.7084,703.2,0,0
1044,1996,1996.7916,708.2,0,0
1045,1996,1996.875,707.2,0,0
1046,1996,1996.9584,721.2,0,0
1047,1997,1997.0416,723.2,0,0
1048,1997,1997.125,704.2,0,0
1049,1997,1997.2084,712.2,0,0
1050,1997,1997.2916,702.2,0,0
1051,1997,1997.375,710.2,0,0
1052,1997,1997.4584,717.2,0,0
1053,1997,1997.5416,713.2,0,0
1054,1997,1997.625,718.2,0,0
1055,1997,1997.7084,718.2,0,0
1056,1997,1997.7916,724.2,0,0
1057,1997,1997.875,733.2,0,0
1058,1997,1997.9584,,0,0
1059,1998,1998.0416,745.2,0,0
1060,1998,1998.125,744.2,0,0
1061,1998,1998.2084,715.2,0,0
1062,1998,1998.2916,703.2,0,0
1063,1998,1998.375,709.2,0,0
1064,1998,1998.4584,708.2,0,0
1065,1998,1998.5416,707.2,0,0
1066,1998,1998.625,704.2,0,0
1067,1998,1998.7084,703.2,0,0
1068,1998,1998.7916,701.2,0,0
1069,1998,1998.875,724.2,0,0
1070,1998,1998.9584,709.2,0,0
1071,1999,1999.0416,714.2,0,0
1072,1999,1999.125,731.2,0,0
1073,1999,1999.2084,721.2,0,0
1074,1999,1999.2916,697.2,0,0
1075,1999,1999.375,699.2,0,0
1076,1999,1999.4584,705.2,0,0
1077,1999,1999.5416,708.2,0,0
1078,1999,1999.625,709.2,0,0
1079,1999,1999.7084,701.2,0,0
1080,1999,1999.7916,699.2,0,0
1081,1999,1999.875,718.2,0,0
1082,1999,1999.9584,708.2,0,0
1083,2000,2000.0416,713.2,0,0
1084,2000,2000.125,719.2,0,0
1085,2000,2000.2084,703.2,0,0
1086,2000,2000.2916,701.2,0,0
1087,2000,2000.375,705.2,0,0
1088,2000,2000.4584,706.2,0,0
1089,2000,2000.5416,706.2,0,0
1090,2000,2000.625,704.2,0,0
1091,2000,2000.7084,704.2,0,0
1092,2000,2000.7916,706.2,0,0
1093,2000,2000.875,700.2,0,0
1094,2000,2000.9584,703.2,0,0
1095,2001,2001.0416,707.2,0,0
1096,2001,2001.125,701.2,0,0
1097,2001,2001.2084,701.2,0,0
1098,2001,2001.2916,698.2,0,0
1099,2001,2001.375,697.2,0,0
1100,2001,2001.4584,700.2,0,0
1101,2001,2001.5416,702.2,0,0
1102,2001,2001.625,705.2,0,0
1103,2001,2001.7084,703.2,0,0
1104,2001,2001.7916,702.2,0,0
1105,2001,2001.875,719.2,0,0
1106,2001,2001.9584,720.2,0,0
1107,2002,2002.0416,716.2,0,0
1108,2002,2002.125,706.2,0,0
1109,2002,2002.2084,704.2,0,0
1110,2002,2002.2916,698.2,0,0
1111,2002,2002.375,698.2,0,0
1112,2002,2002.4584,703.2,0,0
1113,2002,2002.5416,706.2,0,0
1114,2002,2002.625,705.2,0,0
1115,2002,2002.7084,705.2,0,0
1116,2002,2002.7916,698.2,0,0
1117,2002,2002.875,714.2,0,0
1118,2002,2002.9584,730.2,0,0
1119,2003,2003.0416,719.2,0,0
1120,2003,2003.125,703.2,0,0
1121,2003,2003.2084,713.2,0,0
1122,2003,2003.2916,712.2,0,0
1123,2003,2003.375,701.2,0,0
1124,2003,2003.4584,700.2,0,0
1125,2003,2003.5416,703.2,0,0
1126,2003,2003.625,708.2,0,0
1127,2003,2003.7084,702.2,0,0
1128,2003,2003.7916,711.2,0,0
1129,2003,2003.875,710.2,0,0
1130,2003,2003.9584,724.2,0,0
1131,2004,2004.0416,721.2,0,0
1132,2004,2004.125,716.2,0,0
1133,2004,2004.2084,705.2,0,0
1134,2004,2004.2916,702.2,0,0
1135,2004,2004.375,707.2,0,0
1136,2004,2004.4584,706.2,0,0
1137,2004,2004.5416,707.2,0,0
1138,2004,2004.625,709.2,0,0
1139,2004,2004.7084,710.2,0,0
1140,2004,2004.7916,711.2,0,0
1141,2004,2004.875,705.2,0,0
1142,2004,2004.9584,714.2,0,0
1143,2005,2005.0416,721.2,0,0
1144,2005,2005.125,709.2,0,0
1145,2005,2005.2084,715.2,0,0
1146,2005,2005.2916,711.2,0,0
1147,2005,2005.375,714.2,0,0
1148,2005,2005.4584,708.2,0,0
1149,2005,2005.5416,708.2,0,0
1150,2005,2005.625,707.2,0,0
1151,2005,2005.7084,701.2,0,0
1152,2005,2005.7916,710.2,0,0
1153,2005,2005.875,709.2,0,0
1154,2005,2005.9584,717.2,0,0
1155,2006,2006.0416,730.2,0,0
1156,2006,2006.125,705.2,0,0
1157,2006,2006.2084,722.2,0,0
1158,2006,2006.2916,715.2,0,0
1159,2006,2006.375,704.2,0,0
1160,2006,2006.4584,706.2,0,0
1161,2006,2006.5416,708.2,0,0
1162,2006,2006.625,706.2,0,0
1163,2006,2006.7084,703.2,0,0
1164,2006,2006.7916,699.2,0,0
1165,2006,2006.875,724.2,0,0
1166,2006,2006.9584,716.2,0,0
1167,2007,2007.0416,705.2,0,0
1168,2007,2007.125,714.2,0,0
1169,2007,2007.2084,704.2,0,0
1170,2007,2007.2916,703.2,0,0
1171,2007,2007.375,699.2,0,0
1172,2007,2007.4584,706.2,0,0
1173,2007,2007.5416,710.2,0,0
1174,2007,2007.625,710.2,0,0
1175,2007,2007.7084,705.2,0,0
1176,2007,2007.7916,709.2,0,0
1177,2007,2007.875,704.2,0,0
1178,2007,2007.9584,716.2,0,0
1179,2008,2008.0416,719.2,0,0
1180,2008,2008.125,708.2,0,0
1181,2008,2008.2084,699.2,0,0
1182,2008,2008.2916,696.2,0,0
1183,2008,2008.375,699.2,0,0
1184,2008,2008.4584,703.2,0,0
1185,2008,2008.5416,710.2,0,0
1186,2008,2008.625,713.2,0,0
1187,2008,2008.7084,703.2,0,0
1188,2008,2008.7916,699.2,0,0
1189,2008,2008.875,710.2,0,0
1190,2008,2008.9584,708.2,0,0
1191,2009,2009.0416,699.2,0,0
1192,2009,2009.125,705.2,0,0
1193,2009,2009.2084,705.2,0,0
1194,2009,2009.2916,692.2,0,0
1195,2009,2009.375,700.2,0,0
1196,2009,2009.4584,708.2,0,0
1197,2009,2009.5416,705.2,0,0
1198,2009,2009.625,707.2,0,0
1199,2009,2009.7084,706.2,0,0
1200,2009,2009.7916,708.2,0,0
1201,2009,2009.875,720.2,0,0
1202,2009,2009.9584,713.2,0,0
1203,2010,2010.0416,740.2,0,0
1204,2010,2010.125,725.2,0,0
1205,2010,2010.2084,718.2,0,0
1206,2010,2010.2916,718.2,0,0
1207,2010,2010.375,706.2,0,0
1208,2010,2010.4584,705.2,0,0
1209,2010,2010.5416,705.2,0,0
1210,2010,2010.625,708.2,0,0
1211,2010,2010.7084,708.2,0,0
1212,2010,2010.7916,709.2,0,0
1213,2010,2010.875,712.2,0,0
1214,2010,2010.9584,731.2,0,0
1215,2011,2011.0416,713.2,0,0
1216,2011,2011.125,711.2,0,0
1217,2011,2011.2084,729.2,0,0
1218,2011,2011.2916,711.2,0,0
1219,2011,2011.375,709.2,0,0
1220,2011,2011.4584,711.2,0,0
1221,2011,2011.5416,713.2,0,0
1222,2011,2011.625,711.2,0,0
1223,2011,2011.7084,711.2,0,0
1224,2011,2011.7916,710.2,0,0
1225,2011,2011.875,717.2,0,0
1226,2011,2011.9584,699.2,0,0
1227,2012,2012.0416,718.2,0,0
1228,2012,2012.125,710.2,0,0
1229,2012,2012.2084,723.2,0,0
1230,2012,2012.2916,717.2,0,0
1231,2012,2012.375,705.2,0,0
1232,2012,2012.4584,712.2,0,0
1233,2012,2012.5416,713.2,0,0
1234,2012,2012.625,712.2,0,0
1235,2012,2012.7084,706.2,0,0
1236,2012,2012.7916,713.2,0,0
1237,2012,2012.875,724.2,0,0
1238,2012,2012.9584,734.2,0,0
1239,2013,2013.0416,706.2,0,0
1240,2013,2013.125,701.2,0,0
1241,2013,2013.2084,704.2,0,0
1242,2013,2013.2916,702.2,0,0
1243,2013,2013.375,703.2,0,0
1244,2013,2013.4584,709.2,0,0
1245,2013,2013.5416,708.2,0,0
1246,2013,2013.625,711.2,0,0
1247,2013,2013.7084,717.2,0,0
1248,2013,2013.7916,703.2,0,0
1249,2013,2013.875,705.2,0,0
1250,2013,2013.9584,698.2,0,0
1251,2014,2014.0416,707.2,0,0
1252,2014,2014.125,712.2,0,0
1253,2014,2014.2084,714.2,0,0
1254,2014,2014.2916,711.2,0,0
1255,2014,2014.375,711.2,0,0
1256,2014,2014.4584,708.2,0,0
1257,2014,2014.5416,713.2,0,0
1258,2014,2014.625,712.2,0,0
1259,2014,2014.7084,716.2,0,0
1260,2014,2014.7916,726.2,0,0
1261,2014,2014.875,719.2,0,0
1262,2014,2014.9584,734.2,0,0
1263,2015,2015.0416,716.2,0,0
1264,2015,2015.125,719.2,0,0
1265,2015,2015.2084,713.2,0,0
1266,2015,2015.2916,709.2,0,0
1267,2015,2015.375,710.2,0,0
1268,2015,2015.4584,711.2,0,0
1269,2015,2015.5416,716.2,0,0
1270,2015,2015.625,714.2,0,0
1271,2015,2015.7084,716.2,0,0
1272,2015,2015.7916,720.2,0,0
1273,2015,2015.875,715.2,0,0
1274,2015,2015.9584,739.2,0,0
1275,2016,2016.0416,732.2,0,0
1276,2016,2016.125,721.2,0,0
1277,2016,2016.2084,731.2,0,0
1278,2016,2016.2916,707.2,0,0
1279,2016,2016.375,704.2,0,0
1280,2016,2016.4584,708.2,0,0
1281,2016,2016.5416,707.2,0,0
1282,2016,2016.625,709.2,0,0
1283,2016,2016.7084,705.2,0,0
1284,2016,2016.7916,726.2,0,0
1285,2016,2016.875,735.2,0,0
1286,2016,2016.9584,714.2,0,0
