Code,Name,Order,Family,Tier 2 Listing,Tier 3 Listing,Good with Disturbances?,Cavity Nester?,At-Risk?
AMCO,American Coot,Gruiformes,Rallidae,NA Waterbirds,Rallidae,No,No,No
AMDI,American Dipper,Passeriformes,Cinclidae,Passeriformes,Forest Birds,No,No,No
AMGO,American  Goldfinch,Passeriformes,Fringillidae,Passeriformes,Forest Birds,No,No,No
AMRO,American Robin,Passeriformes,Turdidae,Passeriformes,Forest Birds,No,No,No
AMWI,American Wigeon,Anseriformes,Anatidae,Anseriformes,"Ducks, Dabbling",No,No,No
ANHU,Anna's Hummingbird,Apodiformes,Trochilidae,Hummingbirds,Forest Birds,No,No,No
BADO,Barred Owl,Strigiformes,Strigidae,Raptors,,No,Secondary,No
BAEA,Bald Eagle,Accipitriformes,Accipitridae,Raptors,,No,No,No
BARS,Barn Swallow,Passeriformes,Hirundinidae,Passeriformes,Aerial Insectivores,No,No,At-Risk
BCCH,Black-capped Chickadee,Passeriformes,Paridae,Passeriformes,Forest Birds,No,Weak Primary,No
BEKI,Belted Kingfisher,Coraciiformes,Alcedinidae,NA Waterbirds,Kingfishers,No,No,No
BEWR,Bewick's Wren,Passeriformes,Troglodytidae,Passeriformes,Forest Birds,No,Secondary,No
BHCO,Brown-headed Cowbird,Passeriformes,Icteridae,Passeriformes,Forest Birds,No,No,No
BHGR,Black-headed Grosbeak,Passeriformes,Cardinalidae,Passeriformes,Forest Birds,No,No,No
BRCR,Brown Creeper,Passeriformes,Certhiidae,Passeriformes,Forest Birds,No,Secondary,No
BTPI,Band-tailed Pigeon,Columbiformes,Columbidae,Columbiformes,Forest Birds,No,No,No
BTYW,Black-throated Gray Warbler,Passeriformes,Parulidae,Passeriformes,Forest Birds,No,No,No
BUFF,Bufflehead ,Anseriformes,Anatidae,Anseriformes,"Ducks, Sea",No,Secondary,No
BUSH,Bushtit ,Passeriformes,Aegithalidae,Passeriformes,Forest Birds,No,No,No
BWTE,Blue-winged Teal,Anseriformes,Anatidae,Anseriformes,"Ducks, Dabbling",No,No,No
CAGO,Canada Goose,Anseriformes,Anatidae,Anseriformes,Geese & Swans,Disturbance-habituated,No,No
CBCH,Chestnut-backed Chickadee,Passeriformes,Paridae,Passeriformes,Forest Birds,No,Weak Primary,No
CEWA,Cedar Waxwing,Passeriformes,Bombycillidae,Passeriformes,Forest Birds,No,No,No
COHA,Cooper's Hawk,Accipitriformes,Accipitridae,Raptors,,No,No,No
COME,Common Merganser,Anseriformes,Anatidae,Anseriformes,"Ducks, Sea",No,Secondary,No
CORA,Common Raven,Passeriformes,Corvidae,Passeriformes,Forest Birds,No,No,No
COYE,Common Yellowthroat,Passeriformes,Parulidae,Passeriformes,Forest Birds,No,No,No
DCCO,Double-crested Cormorant,Suliformes,Phalacrocoracidae,NA Waterbirds,Sea Birds,Disturbance-habituated,No,At-Risk
DEJU,Dark-eyed Junco,Passeriformes,Emberizidae,Passeriformes,Forest Birds,No,No,No
DOWO,Downy Woodpecker,Piciformes,Picidae,Piciformes,Forest Birds,No,Strong Primary,No
EAKI,Eastern Kingbird,Passeriformes,Tyrannidae,Passeriformes,Aerial Insectivores,No,No,No
EUST,European Starling,Passeriformes,Sturnidae,Passeriformes,Disturbance-adapted,Disturbance-habituated,Secondary,No
EUWI,European Wigeon,Anseriformes,Anatidae,Anseriformes,"Ducks, Dabbling",No,No,No
FOSP,Fox Sparrow,Passeriformes,Emberizidae,Passeriformes,Forest Birds,No,No,No
GADW,Gadwall ,Anseriformes,Anatidae,Anseriformes,"Ducks, Dabbling",No,No,No
GBHE,Great Blue Heron,Pelecaniformes,Ardeidae,NA Waterbirds,Pelecaniformes,No,No,At-Risk
GCKI,Golden-crowned Kinglet,Passeriformes,Regulidae,Passeriformes,Forest Birds,No,No,No
GCSP,Golden-crowned Sparrow,Passeriformes,Emberizidae,Passeriformes,Forest Birds,No,No,No
GRSC,Greater Scaup,Anseriformes,Anatidae,Anseriformes,"Ducks, Diving",No,No,No
GWGU,Glaucous-winged Gull,Charadriiformes,Laridae,NA Waterbirds,Sea Birds,Disturbance-habituated,No,No
GWTE,Green-winged Teal,Anseriformes,Anatidae,Anseriformes,"Ducks, Dabbling",No,No,No
HAFL,Hammond's Flycatcher,Passeriformes,Tyrannidae,Passeriformes,Aerial Insectivores,No,No,No
HAWO,Hairy Woodpecker,Piciformes,Picidae,Piciformes,Forest Birds,No,Strong Primary,No
HETH,Hermit Thrush,Passeriformes,Turdidae,Passeriformes,Forest Birds,No,No,No
HOFI,House Finch,Passeriformes,Fringillidae,Passeriformes,Forest Birds,No,No,No
HOME,Hooded Merganser,Anseriformes,Anatidae,Anseriformes,"Ducks, Sea",No,Secondary,No
HUVI,Hutton's Vireo,Passeriformes,Vireonidae,Passeriformes,Forest Birds,No,No,No
KILL,Killdeer ,Charadriiformes,Charadriidae,NA Waterbirds,Shorebirds,No,No,No
LBDO,Long-billed Dowitcher,Charadriiformes,Scolopacidae,NA Waterbirds,Shorebirds,No,No,No
LESC,Lesser Scaup,Anseriformes,Anatidae,Anseriformes,"Ducks, Diving",No,No,No
MACW,MacGillivray's Warbler,Passeriformes,Parulidae,Passeriformes,Forest Birds,No,No,No
MALL,Mallard ,Anseriformes,Anatidae,Anseriformes,"Ducks, Dabbling",Disturbance-habituated,No,No
MAWR,Marsh Wren,Passeriformes,Troglodytidae,Passeriformes,Forest Birds,No,No,No
MERL,Merlin ,Falconiformes,Falconidae,Raptors,,No,No,No
NOCR,Northwestern Crow,Passeriformes,Corvidae,Passeriformes,Disturbance-adapted,Disturbance-habituated,No,No
NOFL,Northern Flicker,Piciformes,Picidae,Piciformes,Forest Birds,No,Weak Primary,No
NOPI,Northern Pintail,Anseriformes,Anatidae,Anseriformes,"Ducks, Dabbling",No,No,No
NRWS,Northern Rough-winged Swallow,Passeriformes,Hirundinidae,Passeriformes,Aerial Insectivores,No,No,No
NSHO,Northern Shoveler,Anseriformes,Anatidae,Anseriformes,"Ducks, Dabbling",No,No,No
OCWA,Orange-crowned Warbler,Passeriformes,Parulidae,Passeriformes,Forest Birds,No,No,No
OSFL,Olive-sided Flycatcher,Passeriformes,Tyrannidae,Passeriformes,Aerial Insectivores,No,No,At-Risk
OSPR,Osprey ,Accipitriformes,Pandionidae,Raptors,,No,No,No
PAWR,Pacific Wren,Passeriformes,Troglodytidae,Passeriformes,Forest Birds,No,Secondary,No
PBGR,Pied-billed Grebe,Podicipediformes,Podicipedidae,NA Waterbirds,Loons & Grebes,No,No,No
PEFA,Peregrine Falcon,Falconiformes,Falconidae,Raptors,,No,No,At-Risk
PESA,Pectoral Sandpiper,Charadriiformes,Scolopacidae,NA Waterbirds,Shorebirds,No,No,No
PISI,Pine Siskin,Passeriformes,Fringillidae,Passeriformes,Forest Birds,No,No,No
PIWO,Pileated Woodpecker,Piciformes,Picidae,Piciformes,Forest Birds,No,Strong Primary,No
PSFL,Pacific-slope Flycatcher,Passeriformes,Tyrannidae,Passeriformes,Aerial Insectivores,No,Secondary,No
PUFI,Purple Finch,Passeriformes,Fringillidae,Passeriformes,Forest Birds,No,No,No
RBNU,Red-breasted Nuthatch,Passeriformes,Sittidae,Passeriformes,Forest Birds,No,Weak Primary,No
RBSA,Red-breasted Sapsucker,Piciformes,Picidae,Piciformes,Forest Birds,No,Strong Primary,No
RCKI,Ruby-crowned Kinglet,Passeriformes,Regulidae,Passeriformes,Forest Birds,No,No,No
RECR,Red Crossbill,Passeriformes,Fringillidae,Passeriformes,Forest Birds,No,No,No
RNDU,Ring-necked Duck,Anseriformes,Anatidae,Anseriformes,"Ducks, Diving",No,No,No
ROPI,Rock Pigeon,Columbiformes,Columbidae,Columbiformes,Disturbance-adapted,Disturbance-habituated,No,No
RTHA,Red-tailed Hawk,Accipitriformes,Accipitridae,Raptors,,No,No,No
RUHU,Rufous Hummingbird,Apodiformes,Trochilidae,Hummingbirds,Forest Birds,No,No,No
RWBL,Red-winged Blackbird,Passeriformes,Icteridae,Passeriformes,Forest Birds,No,No,No
SOSP,Song Sparrow,Passeriformes,Emberizidae,Passeriformes,Forest Birds,No,No,No
SPTO,Spotted Towhee,Passeriformes,Emberizidae,Passeriformes,Forest Birds,No,No,No
SSHA,Sharp-shinned Hawk,Accipitriformes,Accipitridae,Raptors,,No,No,No
STJA,Steller's Jay,Passeriformes,Corvidae,Passeriformes,Forest Birds,No,No,No
SWTH,Swainson's Thrush,Passeriformes,Turdidae,Passeriformes,Forest Birds,No,No,No
TOSO,Townsend's Solitaire,Passeriformes,Turdidae,Passeriformes,Forest Birds,No,No,No
TOWA,Townsend's Warbler,Passeriformes,Parulidae,Passeriformes,Forest Birds,No,No,No
TRSW,Tree Swallow,Passeriformes,Hirundinidae,Passeriformes,Aerial Insectivores,No,Secondary,No
TUVU,Turkey Vulture,Cathartiformes,Cathartidae,Raptors,,No,No,No
UEFL,Unidentified Empidonax Flycatcher,Passeriformes,Tyrannidae,Passeriformes,Aerial Insectivores,No,No,No
UNHA,Unidentified Hawk,Accipitriformes,Accipitridae,Raptors,,No,No,No
UNHU,Unidentified Hummingbird,Apodiformes,Trochilidae,Hummingbirds,Forest Birds,No,No,No
UNKI,Unidentified Kinglet,Passeriformes,Regulidae,Passeriformes,Forest Birds,No,No,No
UNLG,Unidentified Gull,Charadriiformes,Laridae,NA Waterbirds,Sea Birds,Disturbance-habituated,No,No
UNSW,Unidentified Swallow (Barn or Violet-green),Passeriformes,Hirundinidae,Passeriformes,Aerial Insectivores,No,Secondary,No
UNWO,Unidentified Woodpecker,Piciformes,Picidae,Piciformes,Forest Birds,No,No,No
VATH,Varied Thrush,Passeriformes,Turdidae,Passeriformes,Forest Birds,No,No,No
VGSW,Violet-green Swallow,Passeriformes,Hirundinidae,Passeriformes,Aerial Insectivores,No,Secondary,No
VIRA,Virgina Rail,Gruiformes,Rallidae,NA Waterbirds,Rallidae,No,No,No
WAVI,Warbling Vireo,Passeriformes,Vireonidae,Passeriformes,Forest Birds,No,No,No
WCSP,White-crowned Sparrow,Passeriformes,Emberizidae,Passeriformes,Forest Birds,No,No,No
WETA,Western Tanager,Passeriformes,Cardinalidae,Passeriformes,Forest Birds,No,No,No
WEWP,Western  Wood-pewee,Passeriformes,Tyrannidae,Passeriformes,Aerial Insectivores,No,No,No
WIFL,Willow Flycatcher,Passeriformes,Tyrannidae,Passeriformes,Aerial Insectivores,No,No,No
WISN,Wilson's Snipe,Charadriiformes,Scolopacidae,NA Waterbirds,Shorebirds,No,No,No
WIWA,Wilson's Warbler,Passeriformes,Parulidae,Passeriformes,Forest Birds,No,No,No
WODU,Wood Duck,Anseriformes,Anatidae,Anseriformes,"Ducks, Perching",No,Secondary,No
YEWA,Yellow Warbler,Passeriformes,Parulidae,Passeriformes,Forest Birds,No,No,No
YRWA,Yellow-rumped Warbler,Passeriformes,Parulidae,Passeriformes,Forest Birds,No,No,No
