Code,Name,Order,Family,Tier 2 Listing,Tier 3 Listing,Good with Disturbances?,Cavity Nester?,At-Risk?
AMCO,American Coot,Gruiformes,Rallidae,NA Waterbirds,Rallidae,No,No,No
AMGO,American Goldfinch,Passeriformes,Fringillidae,Passeriformes,Forest Birds,No,No,No
AMRO,American Robin,Passeriformes,Turdidae,Passeriformes,Forest Birds,No,No,No
AMWI,American Wigeon,Anseriformes,Anatidae,Anseriformes,"Ducks, Dabbling",No,No,No
AMPI,American  Pipit,Passeriformes,Motacillidae,Passeriformes,Forest Birds,No,No,No
ANHU,Anna's  Hummingbird,Apodiformes,Trochilidae,Hummingbirds,Forest Birds,No,No,No
BAEA,Bald  Eagle,Accipitriformes,Accipitridae,Raptors,---,No,No,No
BTPI,Band-tailed Pigeon,Columbiformes,Columbidae,Columbiformes,Forest Birds,No,No,At-Risk
BARS,Barn Swallow,Passeriformes,Hirundinidae,Passeriformes,Aerial Insectivores,No,No,At-Risk
BADO,Barred Owl,Strigiformes,Strigidae,Raptors,---,No,Secondary,No
BAGO,Barrow's Goldeneye,Anseriformes,Anatidae,Anseriformes,"Ducks, Sea",No,Secondary,No
BEKI,Belted Kingfisher,Coraciiformes,Alcedinidae,NA Waterbirds,Kingfishers,No,No,No
BEWR,Bewick's Wren,Passeriformes,Troglodytidae,Passeriformes,Forest Birds,No,Secondary,No
BCCH,Black-capped Chickadee,Passeriformes,Paridae,Passeriformes,Forest Birds,No,Weak Primary,No
BHGR,Black-headed Grosbeak,Passeriformes,Cardinalidae,Passeriformes,Forest Birds,No,No,No
BTYW,Black-Throated Gray Warbler,Passeriformes,Parulidae,Passeriformes,Forest Birds,No,No,No
BTNW,Black-throated Green Warbler,Passeriformes,Parulidae,Passeriformes,Forest Birds,No,No,No
BWTE,Blue-winged Teal,Anseriformes,Anatidae,Anseriformes,"Ducks, Dabbling",No,No,No
BOGU,Bonaparte's Gull,Charadriiformes,Laridae,NA Waterbirds,Sea Birds,No,No,No
BRCR,Brown Creeper,Passeriformes,Certhiidae,Passeriformes,Forest Birds,No,Secondary,No
BHCO,Brown-headed Cowbird,Passeriformes,Icteridae,Passeriformes,Forest Birds,No,No,No
BUFF,Bufflehead ,Anseriformes,Anatidae,Anseriformes,"Ducks, Sea",No,Secondary,No
BUOR,Bullock's Oriole,Passeriformes,Icteridae,Passeriformes,Forest Birds,No,No,No
BUSH,Bushtit ,Passeriformes,Aegithalidae,Passeriformes,Forest Birds,No,No,No
CACG,Cackling Goose,Anseriformes,Anatidae,Anseriformes,Geese & Swans,No,No,No
CAGU,California Gull,Charadriiformes,Laridae,NA Waterbirds,Sea Birds,Disturbance-habituated,No,At-Risk
CAGO,Canada Goose,Anseriformes,Anatidae,Anseriformes,Geese & Swans,Disturbance-habituated,No,No
CANV,Canvasback ,Anseriformes,Anatidae,Anseriformes,"Ducks, Diving",No,No,No
CATE,Caspian Tern,Charadriiformes,Laridae,NA Waterbirds,Sea Birds,No,No,At-Risk
CAVI,Cassin's Vireo,Passeriformes,Vireonidae,Passeriformes,Forest Birds,No,No,No
CEWA,Cedar Waxwing,Passeriformes,Bombycillidae,Passeriformes,Forest Birds,No,No,No
CBCH,Chestnut-backed Chickadee,Passeriformes,Paridae,Passeriformes,Forest Birds,No,Weak Primary,No
COGO,Common Goldeneye,Anseriformes,Anatidae,Anseriformes,"Ducks, Sea",No,Secondary,No
COME,Common Merganser,Anseriformes,Anatidae,Anseriformes,"Ducks, Sea",No,Secondary,No
CORA,Common Raven,Passeriformes,Corvidae,Passeriformes,Forest Birds,No,No,No
CORE,Common Redpoll,Passeriformes,Fringillidae,Passeriformes,Forest Birds,No,No,No
COTE,Common Tern,Charadriiformes,Laridae,NA Waterbirds,Sea Birds,No,No,No
COYE,Common Yellowthroat,Passeriformes,Parulidae,Passeriformes,Forest Birds,No,No,No
COHA,Cooper's Hawk,Accipitriformes,Accipitridae,Raptors,---,No,No,No
DEJU,Dark-eyed Junco,Passeriformes,Emberizidae,Passeriformes,Forest Birds,No,No,No
DCCO,Double-crested Cormorant,Suliformes,Phalacrocoracidae,NA Waterbirds,Sea Birds,Disturbance-habituated,No,At-Risk
DOWO,Downy Woodpecker,Piciformes,Picidae,Piciformes,Forest Birds,No,Strong Primary,No
EUST,European Starling,Passeriformes,Sturnidae,Passeriformes,Disturbance-adapted,Disturbance-habituated,Secondary,No
EUWI,European Wigeon,Anseriformes,Anatidae,Anseriformes,"Ducks, Dabbling",No,No,No
FOSP,Fox Sparrow,Passeriformes,Emberizidae,Passeriformes,Forest Birds,No,No,No
GADW,Gadwall ,Anseriformes,Anatidae,Anseriformes,"Ducks, Dabbling",No,No,No
GWGU,Glaucous-winged Gull,Charadriiformes,Laridae,NA Waterbirds,Sea Birds,Disturbance-habituated,No,No
GCKI,Golden-crowned Kinglet,Passeriformes,Regulidae,Passeriformes,Forest Birds,No,No,No
GCSP,Golden-crowned Sparrow,Passeriformes,Emberizidae,Passeriformes,Forest Birds,No,No,No
GBHE,Great Blue Heron,Pelecaniformes,Ardeidae,NA Waterbirds,Pelecaniformes,No,No,At-Risk
GRSC,Greater Scaup,Anseriformes,Anatidae,Anseriformes,"Ducks, Diving",No,No,No
GRYE,Greater Yellowlegs,Charadriiformes,Scolopacidae,NA Waterbirds,Shorebirds,No,No,No
GWFG,Greater White-fronted Goose,Anseriformes,Anatidae,Anseriformes,Geese & Swans,No,No,No
GRHE,Green Heron,Pelecaniformes,Ardeidae,NA Waterbirds,Pelecaniformes,No,No,At-Risk
GWTE,Green-winged Teal,Anseriformes,Anatidae,Anseriformes,"Ducks, Dabbling",No,No,No
HAWO,Hairy Woodpecker,Piciformes,Picidae,Piciformes,Forest Birds,No,Strong Primary,No
HAFL,Hammond's  Flycatcher,Passeriformes,Tyrannidae,Passeriformes,Aerial Insectivores,No,No,No
HETH,Hermit Thrush,Passeriformes,Turdidae,Passeriformes,Forest Birds,No,No,No
HERG,Herring Gull,Charadriiformes,Laridae,NA Waterbirds,Sea Birds,Disturbance-habituated,No,No
HOME,Hooded Merganser,Anseriformes,Anatidae,Anseriformes,"Ducks, Sea",No,Secondary,No
HOGR,Horned Grebe,Podicipediformes,Podicipedidae,NA Waterbirds,Loons & Grebes,No,No,No
HOFI,House Finch,Passeriformes,Fringillidae,Passeriformes,Forest Birds,No,No,No
HOSP,House Sparrow,Passeriformes,Passeridae,Passeriformes,Disturbance-adapted,Disturbance-habituated,Secondary,No
THGU,Iceland (Thayer's ssp.) Gull,Charadriiformes,Laridae,NA Waterbirds,Sea Birds,Disturbance-habituated,No,No
LESA,Least Sandpiper,Charadriiformes,Scolopacidae,NA Waterbirds,Shorebirds,No,No,No
LESC,Lesser Scaup,Anseriformes,Anatidae,Anseriformes,"Ducks, Diving",No,No,No
LISP,Lincoln's Sparrow,Passeriformes,Passeridae,Passeriformes,Forest Birds,No,No,No
LBDO,Long-billed Dowitcher,Charadriiformes,Scolopacidae,NA Waterbirds,Shorebirds,No,No,No
MALL,Mallard ,Anseriformes,Anatidae,Anseriformes,"Ducks, Dabbling",Disturbance-habituated,No,No
MERL,Merlin ,Falconiformes,Falconidae,Raptors,---,No,No,No
MEGU,Mew Gull,Charadriiformes,Laridae,NA Waterbirds,Sea Birds,Disturbance-habituated,No,No
MUSW,Mute Swan,Anseriformes,Anatidae,Anseriformes,Geese & Swans,No,No,No
NOFL,Northern Flicker,Piciformes,Picidae,Piciformes,Forest Birds,No,Weak Primary,No
NOPI,Northern Pintail,Anseriformes,Anatidae,Anseriformes,"Ducks, Dabbling",No,No,No
NOSH,Northern Shoveler,Anseriformes,Anatidae,Anseriformes,"Ducks, Dabbling",No,No,No
NOWA,Northern Waterthrush,Passeriformes,Parulidae,Passeriformes,Forest Birds,No,No,No
NRWS,Northern Rough-winged Swallow,Passeriformes,Hirundinidae,Passeriformes,Aerial Insectivores,No,No,No
NOCR,Northwestern Crow,Passeriformes,Corvidae,Passeriformes,Disturbance-adapted,Disturbance-habituated,No,No
OSFL,Olive-sided Flycatcher,Passeriformes,Tyrannidae,Passeriformes,Aerial Insectivores,No,No,At-Risk
OCWA,Orange-crowned Warbler,Passeriformes,Parulidae,Passeriformes,Forest Birds,No,No,No
OSPR,Osprey ,Accipitriformes,Pandionidae,Raptors,---,No,No,No
PAWR,Pacific Wren,Passeriformes,Troglodytidae,Passeriformes,Forest Birds,No,Secondary,No
PSFL,Pacific-Slope Flycatcher,Passeriformes,Tyrannidae,Passeriformes,Aerial Insectivores,No,Secondary,No
PECO,Pelagic Cormorant,Suliformes,Phalacrocoracidae,NA Waterbirds,Sea Birds,Disturbance-habituated,No,No
PEFA,Peregrine Falcon,Falconiformes,Falconidae,Raptors,---,No,No,At-Risk
PBGR,Pied-billed Grebe,Podicipediformes,Podicipedidae,NA Waterbirds,Loons & Grebes,No,No,No
PIWO,Pileated Woodpecker,Piciformes,Picidae,Piciformes,Forest Birds,No,Strong Primary,No
PISI,Pine Siskin,Passeriformes,Fringillidae,Passeriformes,Forest Birds,No,No,No
PUFI,Purple Finch,Passeriformes,Fringillidae,Passeriformes,Forest Birds,No,No,No
RECR,Red Crossbill,Passeriformes,Fringillidae,Passeriformes,Forest Birds,No,No,No
RBNU,Red-breasted Nuthatch,Passeriformes,Sittidae,Passeriformes,Forest Birds,No,Weak Primary,No
RBSA,Red-breasted Sapsucker,Piciformes,Picidae,Piciformes,Forest Birds,No,Strong Primary,No
RNPH,Red-necked Phalarope,Charadriiformes,Scolopacidae,NA Waterbirds,Shorebirds,No,No,At-Risk
RTHA,Red-tailed Hawk,Accipitriformes,Accipitridae,Raptors,---,No,No,No
RWBL,Red-winged Blackbird,Passeriformes,Icteridae,Passeriformes,Forest Birds,No,No,No
RBGU,Ring-billed Gull,Charadriiformes,Laridae,NA Waterbirds,Sea Birds,Disturbance-habituated,No,No
RNDU,Ring-necked Duck,Anseriformes,Anatidae,Anseriformes,"Ducks, Diving",No,No,No
ROPI,Rock Pigeon,Columbiformes,Columbidae,Columbiformes,Disturbance-adapted,Disturbance-habituated,No,No
RCKI,Ruby-crowned Kinglet,Passeriformes,Regulidae,Passeriformes,Forest Birds,No,No,No
RUDU,Ruddy Duck,Anseriformes,Anatidae,Anseriformes,"Ducks, Diving",No,No,No
RUHU,Rufous Hummingbird,Apodiformes,Trochilidae,Hummingbirds,Forest Birds,No,No,No
SAVS,Savannah Sparrow,Passeriformes,Emberizidae,Passeriformes,Forest Birds,No,No,No
SSHA,Sharp-shinned Hawk,Accipitriformes,Accipitridae,Raptors,---,No,No,No
SNGO,Snow Goose,Anseriformes,Anatidae,Anseriformes,Geese & Swans,No,No,No
SOSP,Song Sparrow,Passeriformes,Emberizidae,Passeriformes,Forest Birds,No,No,No
SORA,Sora ,Gruiformes,Rallidae,NA Waterbirds,Rallidae,No,No,No
SPSA,Spotted Sandpiper,Charadriiformes,Scolopacidae,NA Waterbirds,Shorebirds,No,No,No
SPTO,Spotted Towhee,Passeriformes,Emberizidae,Passeriformes,Forest Birds,No,No,No
STJA,Steller's  Jay,Passeriformes,Corvidae,Passeriformes,Forest Birds,No,No,No
SWTH,Swainson's Thrush,Passeriformes,Turdidae,Passeriformes,Forest Birds,No,No,No
TOWA,Townsend's Warbler,Passeriformes,Parulidae,Passeriformes,Forest Birds,No,No,No
TRSW,Tree Swallow,Passeriformes,Hirundinidae,Passeriformes,Aerial Insectivores,No,Secondary,No
TRUS,Trumpeter Swan,Anseriformes,Anatidae,Anseriformes,Geese & Swans,No,No,No
TUDU,Tufted Duck,Anseriformes,Anatidae,Anseriformes,"Ducks, Diving",No,No,No
TUVU,Turkey Vulture,Cathartiformes,Cathartidae,Raptors,---,No,No,No
UNDO,Unidentified Dowitcher,Charadriiformes,Scolopacidae,NA Waterbirds,Shorebirds,No,No,No
UNDU,Unidentified Duck,Anseriformes,Anatidae,Anseriformes,---,No,No,No
UNFL,Unidentified Flycatcher,Passeriformes,Tyrannidae,Passeriformes,Aerial Insectivores,No,No,No
UNLG,Unidentified Gull,Charadriiformes,Laridae,NA Waterbirds,Sea Birds,Disturbance-habituated,No,No
UNHU,Unidentified Hummingbird,Apodiformes,Trochilidae,Hummingbirds,Forest Birds,No,No,No
UNKI,Unidentified Kinglet,Passeriformes,Regulidae,Passeriformes,Forest Birds,No,No,No
UNSW,Unidentified Swallow,Passeriformes,Hirundinidae,Passeriformes,Aerial Insectivores,No,No,No
UNVI,Unidentified Vireo,Passeriformes,Vireonidae,Passeriformes,Forest Birds,No,No,No
VATH,Varied Thrush,Passeriformes,Turdidae,Passeriformes,Forest Birds,No,No,No
VGSW,Violet-green Swallow,Passeriformes,Hirundinidae,Passeriformes,Aerial Insectivores,No,Secondary,No
VIRA,Virginia Rail,Gruiformes,Rallidae,NA Waterbirds,Rallidae,No,No,No
WAVI,Warbling Vireo,Passeriformes,Vireonidae,Passeriformes,Forest Birds,No,No,No
WETA,Western Tanager,Passeriformes,Cardinalidae,Passeriformes,Forest Birds,No,No,No
WWPE,Western Wood-pewee,Passeriformes,Tyrannidae,Passeriformes,Aerial Insectivores,No,No,No
WCSP,White-crowned Sparrow,Passeriformes,Emberizidae,Passeriformes,Forest Birds,No,No,No
WTSP,White-throated Sparrow,Passeriformes,Emberizidae,Passeriformes,Forest Birds,No,No,No
WIFL,Willow Flycatcher,Passeriformes,Tyrannidae,Passeriformes,Aerial Insectivores,No,No,No
WISN,Wilson's Snipe,Charadriiformes,Scolopacidae,NA Waterbirds,Shorebirds,No,No,No
WIWA,Wilson's Warbler,Passeriformes,Parulidae,Passeriformes,Forest Birds,No,No,No
WODU,Wood Duck,Anseriformes,Anatidae,Anseriformes,"Ducks, Perching",No,Secondary,No
YEWA,Yellow Warbler,Passeriformes,Parulidae,Passeriformes,Forest Birds,No,No,No
YRWA,Yellow-rumped Warbler,Passeriformes,Parulidae,Passeriformes,Forest Birds,No,No,No
